	trackname	mbid
0	0001_12step	0408655f-189f-371b-9c41-ec861e1a7810
1	0003_6foot7foot	83347ae2-5def-378a-a3f5-96ec56c25ab7
2	0004_abc	1068e183-db62-4f47-8f7d-15c9ce56e79a
3	0005_again	09aed1ac-4094-3337-86ef-8303531d57f1
4	0006_aint2proud2beg	09723bc0-b3e9-4f86-a563-c80d25df049e
5	0008_america	2b6a8aa9-5c1c-41fd-a7f5-a275d45987ed
6	0009_americanmusic	317e4baa-189c-38b6-b2f9-5ed18f4c583c
7	0010_andjusticeforall	2fd8aef9-ac85-46c6-8793-2895b0dd9760
8	0011_areyouexperienced	8418c5f0-3649-4cd1-972e-613be797a141
9	0012_aroundtheworld	6e87e720-67f1-35bc-923b-6e5f642610b3
10	0013_athingaboutyou	5b9ce680-adb8-4e3a-aa4c-88a4f7584317
11	0014_babaoriley	0839e6b7-c637-3208-9c55-5938c22b3d74
12	0015_babygotback	9fdde642-2f7a-3b96-87cf-cf7ab4776b0a
13	0017_badromance	0b651db4-3eb4-32bd-9b42-f00cc20d9f49
14	0018_bassdownlow	005d1e81-4a29-32e4-aa3f-021f15acedb8
15	0020_becauseofyou	02183b00-7585-4372-88bf-19e8fe451c24
16	0022_betteroffalone	3af83d6e-5eca-3253-a482-933bc0e8d609
17	0023_bewareoftheboys	41f09b9e-fce5-3be7-b960-c8478ed19f3a
18	0024_billionaire	2ff43abe-6259-371b-96b9-722d795e3157
19	0026_blackandyellow	0ac0d907-6f66-356d-9da7-8af07e5d359f
20	0027_blackened	0117b0c1-c993-485b-b362-2bb961119fce
21	0028_blackmagic	54c2d307-b218-31c6-9f79-48c97033a2bf
22	0030_bodymovin	03a279a5-a6af-4890-95ec-1f9b75e4a0dd
23	0032_boomboompow	047a96f2-2614-4563-8d9d-cfa2b5a87b45
24	0036_breakingthegirl	04782d24-d243-4177-bf85-587d7934e87e
25	0037_breakyourheart	0d60a371-7642-4e71-9cd9-0c6274e7874d
26	0038_bringmetolife	00586963-0545-3a1e-8fa9-d21ebfbdb9f6
27	0039_bulletproof	06f27478-0bad-39fc-aeb7-a19c37429515
28	0040_bustamove	3d520cf1-2ea2-4f2b-a9fc-b3b001931f57
29	0041_calabria	f498ab85-c604-3981-962a-7ef0c45ef13f
30	0042_callme	d6304759-4abd-319e-bd26-411aeaa05476
31	0043_callmemaybe	0109494f-27f0-3c93-ab22-0f11f32bf81e
32	0044_cameraeye	0dd8023b-814f-3e15-ac30-3565121ea2a4
33	0045_cantgetyou	03d94a00-8ae0-3658-a24d-6752275064b8
34	0046_castlesmadeofsand	05e475b2-db47-40fd-b730-e6c87fbe97ef
35	0048_chingaling	045ea073-07f9-43e7-9341-9e655ef895f9
36	0049_closer	04302385-54f1-3624-99e2-fc6e6940efe8
37	0050_clubcanthandleme	17d3e2f5-eb51-4344-8142-2378492473df
38	0052_collector	16f36a5e-df07-3f28-80c2-1e36a53f916d
39	0053_commander	3fee0f50-5751-349f-90dc-9e5385b6048f
40	0054_conceited	b4762a4d-b0d3-4c64-bb58-cb480093d6b1
41	0055_constantmotion	02193788-8000-3c8f-8965-127c08408418
42	0056_control	02fbedad-af74-460c-89d5-cb7114cedb9d
43	0057_crankthat	13ca419c-94d4-4c44-89d1-9326d7309924
44	0058_criticalacclaim	ec6af950-9d63-307c-8e97-63f1c3162648
45	0059_cupidshuffle	2907feb9-c3b0-4b03-94af-ba2b38e7ae93
46	0061_dabutt	9ef91e6c-f090-43db-a08b-53b2cd84d66d
47	0062_dance	07672bfb-cbea-3c91-9162-c9c2e7de9a00
48	0063_daysgoby	01133393-6f81-3475-80c4-e62a8de74fd2
49	0065_deadandbloated	00ff1ab5-7d6c-497d-832d-95d0c9609335
50	0067_deep	006981be-20e9-30f7-be75-7a47bd2c6d38
51	0068_devilsisland	69c90076-5937-4086-83d9-8c3fce62c5d5
52	0069_digginmedown	37e06603-ef14-3dc7-906c-85355986d38f
53	0070_dipitlow	117503e2-2cac-4e18-a08a-96952a4f02f5
54	0071_dirtypool	86e65824-0a42-3038-87d0-c12b0aa9ef00
55	0072_discoinferno	016fc473-c25a-4bd8-bed2-7671c8aff402
56	0073_disturbia	0027efd1-c37a-3709-a032-f9a3561043e9
57	0074_djgotusfallininlove	0018f2bb-dc3e-3188-a18f-85f7b60b4adc
58	0075_dontcha	17750854-cb74-46ce-b949-c5a5ca344281
59	0077_dontsweat	12b45df2-ea22-3261-a2aa-98155dae3938
60	0078_donttouchme	651d61d9-d2de-496b-a01f-3b78f446f486
61	0079_dontyouwantme	88b8d585-02c6-4ac7-b1ee-f160f83afa78
62	0080_down	0b2baaf3-cbb8-3a5b-8a4a-2fe7442a118a
63	0081_downonme	260910bf-2a05-4866-9818-d18aeaf50b0b
64	0082_dragosteadintei	1361f7ba-815b-32c5-82d6-4a8f7e63b57b
65	0083_dragthewaters	0b273692-5d6e-47f1-a498-41730ace1ddf
66	0084_dropitlikeitshot	141233b8-08a8-3dc1-a19b-fc230091b213
67	0085_electricboogie	00ed8af3-13ca-4221-be53-6e37a1398377
68	0086_escapade	17e48c34-0abc-42f5-a16b-c881c3651a06
69	0087_evacuate	01b68762-6583-3e68-a968-a9d9de436a59
70	0088_everybody	006e2564-605a-38cc-ba00-e158b8600e7e
71	0090_fearofthedarklive	00329dfd-56b9-3ca1-b895-03ab0a76b895
72	0091_fellonblackdays	04e7fb68-a597-49c6-b3e7-f95c4430b6dc
73	0092_fergalicious	02bbc20a-62ef-3745-870e-bde0347a50d2
74	0093_fireburning	1101f833-a839-3bc5-b1af-c6541e650626
75	0094_fireflies	009a41f9-d8c3-4e00-87bc-e982b8e55f1a
76	0095_firework	0a22af63-1fe3-3345-97a7-04d3606f663b
77	0096_fivemagics	4ee88bf1-6f3f-3b84-9733-298f383454b8
78	0098_floods	21c1a037-fa7e-4129-a2af-773249489c07
79	0099_forgetyou	4f92f0af-1a00-41fe-9c81-9d3ea47a6e06
80	0100_futureperfecttense	fc81f2f0-fb94-4ce5-a102-5d05c083cca6
81	0101_galang	9e6e22fb-930f-3c01-9733-d11aa2f36a84
82	0102_gangstaluv	0077c416-e8ac-456a-b1da-152747d804c1
83	0104_getbusy	0e15d9c6-8156-4ab6-b0cb-53f1a53ab17f
84	0105_getdownonit	06a9b28f-e3e8-36d7-9f3e-9316b9d12e8b
85	0106_getitshawty	036cdc1c-93af-3fc4-b4fd-b5a6934cb10c
86	0107_getlow	109df20d-4f2e-361d-a747-e3499ce2fdd7
87	0108_getup	1718bdb8-6c55-3f69-a3aa-808c7cabcf4a
88	0109_geturfreakon	1993139f-5b4b-4e35-920d-450435606c05
89	0110_girlsandboys	017b3d66-137c-3b3d-bf3d-b6a4fe50ffab
90	0112_giveitup	7bf03782-42cf-3d42-b63b-93ddf1f1adcd
91	0113_giveituptome	3a8a20f6-444e-310a-8a31-ebf56006e1d2
92	0114_givemeeverything	9a003e6f-ca42-3b57-92b8-2ac3d940227a
93	0115_gonnamakeyousweat	31a3aea5-5f92-3a98-aa59-1b7f0b08e916
94	0116_goodies	1786078c-b374-399d-bae6-47dd0d9a131a
95	0117_goodmorningblackfriday	1799ca37-f5b4-4096-83fc-fc5bcc7b8b7e
96	0118_grenade	031f9780-e7ca-37cc-9472-8b8896a397a3
97	0119_gunpowderandlead	0e5ce9f4-e15a-4d43-9b56-4f9645ec5679
98	0120_hallowedbethyname	0622ee9a-edc3-42ae-8359-60a6866f2942
99	0122_heardemall	39635547-a1ca-3b38-8d6d-f223b25d301e
100	0123_heavyduty	0ad53098-704e-31e4-9e12-0256bf51bd61
101	0124_hello	6ef6f0a6-4bbc-40fd-99c1-22b8cfd5d275
102	0125_hellogoodmorning	349a6c39-2214-3a16-a41c-310c26531254
103	0126_heymami	075b9864-8a6a-358c-bc5e-a435d7caf026
104	0127_hollabackgirl	04af5a43-6c05-4e25-9329-19e880c10c22
105	0128_homecoming	6fa742d0-7450-4ea9-b125-3e05ca277be7
106	0129_hotinherre	edce0883-d142-3400-b265-6fc9139590bc
107	0130_hotstuff	0160e225-e9e4-445e-a0ad-938f4f6c9e36
108	0131_iamthebest	020b968a-9839-3e2a-a680-1ee9bb390924
109	0132_iceicebaby	00ad32d8-f07e-3acd-b36d-4c2974c413f8
110	0133_ifeellove	cf9667f1-af06-4e1d-a29b-dedb2325cb00
111	0134_igotmine	0bab2e49-a58e-4771-b1ca-fafdb3e276e2
112	0135_igottafeeling	2b8534d6-0441-4aff-b54e-a124851c54a6
113	0136_igotyoudancing	0851a128-f9f1-334e-9d50-111dbe0bed36
114	0137_iknowyouwantme	39f44711-234b-3a13-92c8-2409a1fd4a63
115	0138_ilikeit	0470ef9a-134f-4184-af87-4e511ee2e0f1
116	0139_imcomingout	02ebd214-f29d-3ce1-9546-4c777b25e0c5
117	0140_impacto	2a48441f-df27-4a75-9598-26405659ebf7
118	0141_indaclub	00f49fbc-78a4-3771-9e2d-893cfb3835d1
119	0142_indestructible	06b4725d-9935-3f79-a1f4-2d289168ab89
120	0143_informer	3a377642-5ac4-3ce4-b2ad-6351250efaeb
121	0144_ishotthesheriff	28d9f130-05c9-3f05-a72b-344f0e944043
122	0145_iwantyouback	34875bbe-2236-49fb-84c2-1aa8feaf1689
123	0148_jesusofsuburbia	184afa21-ec4e-32af-a2c0-f20b5ef2210e
124	0149_johnnyguitar	0b2bcc75-2038-43c9-a90a-0150890356de
125	0150_justdance	01372277-c972-4438-9857-44187acf2f66
126	0151_kingofdancehall	040b9bbc-7244-3125-a5f5-e557b541c917
127	0152_kingofrock	0031a5a6-da2f-3e5d-bd09-78175491e43b
128	0153_lalaland	06ac54b3-7040-4185-8f2d-c63439e3ee63
129	0155_lapdance	83c7482f-8ed7-36d3-a9ae-cf3f87ce9899
130	0156_lastnight	265f4af6-e1f4-3da5-b996-d7408ab0aa38
131	0157_leanwitit	293bae4d-9e4b-4c9e-9f6b-359ded94eedd
132	0158_letitrock	00cd6bf0-837b-318c-a850-d53fc9d5b9dd
133	0159_letthemusicplay	00c7901a-94c7-38d4-b4b9-5edcfdf5d615
134	0160_likeag6	687b75db-745c-301a-8329-73b139a3b790
135	0161_limelight	2a4968f4-7eae-31d0-bfde-7d292bba5d8d
136	0162_lobotomy	05c99561-ba32-4923-8beb-b27315a629ba
137	0164_low	00ca5a41-50ab-38d4-b415-4cf928a16c0d
138	0165_lucretia	1b08b049-24cd-34be-875f-105e4aa1c9e6
139	0166_macarena	077d2cf4-9a27-3d79-a260-fe3119416366
140	0167_makesomenoise	1183cf17-4496-492b-a7ff-86523fa26f34
141	0168_maneater	16ef98e7-963a-39c1-9dbc-0431cfeb1542
142	0169_manicdepression	066aabbd-d227-31dc-a91a-cf02598bd9cf
143	0170_manyshadesofblack	12c101f5-c7e6-4dd1-b1cd-ba283ea545ea
144	0171_marchofthepigs	6ff402dd-5945-3ad0-bfb9-7b2e00d3ca63
145	0172_marrythenight	13b08f30-8a94-38e6-95ef-b29ba2e5b3a7
146	0173_massiveattack	1bd41fe0-4347-35fa-a19e-65d846fe3f4b
147	0174_maythisbelove	15e00053-5230-4cc6-a95d-cf7fdff7cb83
148	0175_meddle	041841ab-2cf6-3740-8633-dac8caaf6ba7
149	0176_megasus	793f0a60-7be9-3e9e-b13d-4cf19e268569
150	0177_milkshake	03b187a9-40f2-3616-97b8-8d6241860fdc
151	0178_mountainman	7f95e676-583a-3dae-8e84-a47a1cf43fd0
152	0179_moveslikejagger	062827f3-4893-3515-b41c-7a8d7da84d05
153	0181_mrsaxobeat	0095db9b-fd45-33d0-9fd7-03eab9be642c
154	0182_mycurse	0b1fce11-aa11-43d6-8f48-785eca356f8c
155	0183_mynameisjonas	0056b20b-d58e-4fc4-a464-676b68d268fa
156	0184_myprerogative	0693f6a8-7c91-37c3-bab6-0e32a4c8a82e
157	0185_nasty	072a2b03-5f4a-3c83-b82c-906cc31fb3c0
158	0186_nearlylostyou	395d036a-353f-3b90-8078-fe20fc17d455
159	0189_neversaynever	147aed59-320b-3ead-af22-abe1759e5633
160	0190_newfang	106009e6-fef0-3353-a3a6-d51a4dd53d09
161	0191_newslang	1a83f103-5a20-47f4-bdf4-5fad82260c4c
162	0194_nomoretears	3576e35b-b95b-3148-812c-2b9071b882c9
163	0195_nookie	08aa41f1-722d-33dd-a651-ac5e0d5d15df
164	0197_nothinonyou	0556b0f2-6475-461a-a9a7-333a5325863e
165	0198_nowthatwefoundlove	0aad048d-39f7-3d82-a70d-7137672bddef
166	0199_numberofthebeast2	00353d30-2a0d-33df-a99b-acb265dc9ed0
167	0201_oh	2dd2ba9e-0824-3f37-9509-c0d96df08b74
168	0204_onlyamemory	15830828-79d4-3e60-ac7d-4ba4bdbb17e6
169	0207_oopsohmy	02e09b7a-9176-4711-88d5-a4da2da458ec
170	0208_opp	140a5bfe-624e-3379-84e5-c4c70e468fa6
171	0209_paparazzi	e459818f-0611-486f-9c60-8801d0cd5953
172	0214_planetrock	9aa76578-502e-36df-aff6-fdf926ea7d54
173	0215_pointofknowreturn	9faf04be-6300-39b6-8867-29078e6830f6
174	0216_poison	00b6dd99-0fbe-3c00-9071-75706eb88c4f
175	0217_pokerface	018b399d-4bb7-36f4-9305-43b084dc2ec8
176	0218_policyoftruth	3fcfea6c-a2f1-3e36-8ec8-8a60977ce250
177	0219_pondereplay	09db9416-702d-3979-ba2e-3ce2a0aae212
178	0220_promiscuous	0361dc7f-571b-4519-9e90-f28d648e3684
179	0222_realgoodlooking	01f87afb-1f1d-3715-bdc7-71ff038faa30
180	0223_reallove	085d96c7-16de-4bc0-b4b6-f768d3f01100
181	0226_rendezvu	038cfc80-4cae-3d7b-8aa5-81eb57144b93
182	0227_replay	01e1053d-1345-3265-838a-953509c309c1
183	0229_ridingonthewind	087ccb75-d912-3f04-8357-e17b336d482d
184	0231_rightthurr	cb9cb988-a3fb-4ed7-8c3f-2c7d29a5e177
185	0233_rocknrollnightmare	89c13508-2fcc-389b-8e00-f2949cbb20b0
186	0234_roundandround	06175d38-88d8-3f1a-bd20-ecf4a81479ea
187	0235_rudeboy	5722eab7-71cd-39db-a5d8-80344de80ea0
188	0236_rumpshaker	19659a27-b37f-3efa-9a17-4885b1be03bd
189	0237_run	0b1ee1e2-50ed-451a-8c95-cfd790d65b1f
190	0238_sambadejaneiro	6a991bc0-a643-40cc-9ad4-f8b72627aa8c
191	0239_sandm	045b9acc-628e-46a4-8743-c6d2f0b0e735
192	0240_sandstorm	33a19e07-b41a-4641-93e4-afdf43d4876f
193	0241_satellite	0dd04ad6-e3c4-4bd9-90f7-b096a56c6675
194	0242_satisfaction	016208a5-8d35-30d1-8ef7-1c68ba4f2569
195	0244_sayaah	1b58415f-01e2-32f5-a098-824eb73d5c28
196	0245_sayhey	0c2bf8cb-4f5c-32fd-9029-e089d6d77bec
197	0246_scenario	020fd32a-5412-3f5b-ab95-88bb62c689c0
198	0247_scream	0ff4facb-d6f1-3ae9-94b3-f9806cb9aad3
199	0248_screamingfor	7c9114f8-417c-44ae-aad7-93af7e0994c6
200	0249_sensualseduction	0fe6fe68-c01f-342d-9f47-b792c2c161e1
201	0250_sexyandiknowit	0cff2b87-7971-486b-8480-ebab07e8ce95
202	0251_sexychick	13ffa917-1cca-33fd-9392-cf076ba7908c
203	0254_sixsixsix	07ba5c16-0178-4305-b3ae-78fa0ad75cc4
204	0255_sleepwalker	08c2af95-d518-37c0-b930-aa63bcf88aa7
205	0257_somebodytolove	02d68438-747e-3d8f-be96-34afe489dc27
206	0258_sorry	26621b5e-ed7e-3394-94d9-16ebeaf5a9bb
207	0259_spiceupyourlife	01065caf-302d-3c29-82b1-b716871426fb
208	0261_starships	01c18059-51b5-3f5a-b555-24c22e980369
209	0262_stash	00be672f-adb3-319a-95b8-1a6bbe76c3ca
210	0264_stereolove	090abcdb-e42e-333e-bff1-6eec615b348d
211	0265_straightlines	00c0a143-979a-4cb5-90b0-98c96ec27ef1
212	0266_straightup	a64bb7ec-e5bf-4880-89e1-e768c1df5dc9
213	0267_superfreak	10bfbf84-28d1-3742-af0f-5f9843b71659
214	0268_supersonic	1b0d759d-4aa5-4965-b327-a78fd6b5161e
215	0269_sweettalk	b2040916-8c72-3912-ad9b-16d75f24da3c
216	0270_takeovercontrol	0bd66bea-1726-37a7-8fce-cb2db9aba338
217	0271_teachmehowtodougie	9d8b99b0-b37a-3afa-938e-9a6c7a674f0c
218	0272_teachmehowtojerk	59c72500-e2fe-3676-b941-36968cdc3c2c
219	0273_technologic	060dea77-437b-38b4-8658-760c2b17dca6
220	0274_temperature	08e6ff22-389b-34dd-8ef9-10464075b718
221	0276_texasflood	0160e23f-e4dc-3b7a-adec-6d9ab63a1ed3
222	0277_thashiznit	132db52d-b36a-4608-9843-ae067f3d95c8
223	0278_thatsthahomie	1a5b23a2-db0a-3e3f-aa29-5bd49ab48026
224	0279_thebreaks	0a22ec6d-0551-4299-803c-e8afb047456c
225	0280_thedayitriedtolive	05ba5909-3c27-4c10-be7f-56baef2991fa
226	0281_theedgeofglory	0216ec0b-b77e-43f1-9fce-f06cd7dde4eb
227	0282_thegreatsatan	221cf1d1-a738-31f1-bd1a-55de00b37422
228	0283_thehumptydance	51edad00-2646-4541-9335-d141ca6a2e03
229	0284_thehustle	061369ce-f5c6-3553-9c94-aba8554e049b
230	0285_thekill	1d8b8e56-517e-3f3d-b211-00e4740194b1
231	0287_therewasatime	1214387b-09b1-32be-ae78-83268a0f91c3
232	0288_thewayiare	199d7f12-2914-33e3-84f0-762f7d696007
233	0289_thisisexile	0a4c2d4a-1bd6-41fa-b0f2-7a79b3afb999
234	0290_thisishowwedoit	015dcd61-efc3-3aa5-9d29-e5103636ff4a
235	0291_thrasher	0928894b-1061-3c68-9100-2cb103b7731b
236	0293_tomsawyer2	096c79ce-0627-31b0-b6f1-4ce6024028f3
237	0295_toxic	601f5bad-6f1b-4f2d-8d10-b17baa2f9a96
238	0296_transmaniaconmc	03693c7e-c849-43ea-b187-5d06a73ce25d
239	0297_troublecomesrunning	5f529c63-ba10-30ac-99ac-c17479900d86
240	0298_turnmeon	21bf84df-32a5-428b-b9c1-91d07fc9e802
241	0299_turnthebeataround	04f150e8-078e-3426-8551-d1d4986a013e
242	0301_unclejohnsband	806c05b7-6890-3ce1-ae63-bb24c2b90f8f
243	0302_venus	01798bc2-ef0b-3a03-b29c-ed651b84032d
244	0303_wakeupdead	08cc2bf5-ec36-3bad-b271-2a12a84a8461
245	0304_weaponofchoice	12bd4546-b1d8-4ecd-8963-051cbe2be80b
246	0305_wenospeakamericano	3a6c3829-8e7b-36dc-88b9-f47668ac97f2
247	0306_werunthis	0ba3f0eb-499e-33fe-aab9-ba2b2e63ff51
248	0307_whatdoesntkillyou	04d2bea3-6371-3ae4-8f60-5b0e3c37223c
249	0308_whatislove	05020db5-ae53-47f3-80a6-431a849758d0
250	0309_whatsmyname	0485ef09-793e-43f7-b054-92a9365e018d
251	0310_whineup	1c1dfd03-43ed-47a4-adf2-3b8fc925755e
252	0311_whipmyhair	1e8a9ab2-3c94-3dd9-b393-8ca1f80f01c2
253	0312_whitefalconfuzz	8250645a-c515-3d0e-83db-29725487e4cc
254	0314_whoomp	04d78d81-94a1-335e-ac1f-58d6e85dc2c7
255	0315_whygo	056a8c00-f667-4427-b106-c52dd7606de1
256	0316_wildones	15ab871d-15b7-4fdd-9843-e28151920211
257	0318_windup	cbe453ac-2f2b-36b2-ba01-39bd2fd00046
258	0319_withoutyou	00cd1bc0-d294-4a02-8915-75b568d551c2
259	0320_wolflikeme	049d1edc-f46e-310b-b681-dfddc1353ec6
260	0321_wonderwall	0019d958-48d0-3b49-bb52-ea5b53ecdd33
261	0322_wordup	03091c4d-4e32-3280-81d1-b97784d8e35c
262	0323_yeah	10f5a405-db58-4c96-bcd9-47f921dd8650
263	0324_yeah3x	2438d1f2-c156-3a64-b362-40425409c4ce
264	0325_ymca	0f1c75ab-3499-49cd-bf86-4e2799810e73
265	0326_yougotittherightstuff	02f55c0a-4f7c-4a45-97da-be88454a9613
266	0328_youmakemefeeldc	0b94fc58-7062-3d26-acde-79a5597a2108
267	0329_youreajerk	0fd22add-d90c-34a0-b521-717066929fbd
268	0330_50waystosaygoodbye	224f787c-6fdb-356f-8fe0-a84f7a7406e8
269	0331_againstallodds	d1bb9870-0526-4955-a4c7-dbb589312571
270	0332_alejandro	89f65d10-a551-39e6-8035-a715f32b6054
271	0333_allday	258ed64f-b28f-4723-9065-c9dddd86e1c8
272	0334_alltherightplaces	52f1b14b-d7bb-34db-a099-5ee8475f1b7e
273	0335_allyourlife	1c95cb30-91f5-3687-a400-957fe2c80519
274	0336_alonewithyou	0c945c7d-2bfb-4626-9c18-e5401fff2bc0
275	0337_alwayssomethingthere	009ae805-5e3b-3630-ad6f-1ccc1faf910b
276	0338_animal	14eab35a-c344-4731-90c4-501e247ea943
277	0339_aslongasyouloveme	04450037-d036-407a-8e81-c66093edb798
278	0340_backintime	01b8678e-66c2-3887-9b2a-7848c956ecda
279	0341_baggageclaim	02dce56e-ed5b-3cec-8df1-f1fa0b84b07e
280	0343_banjo	122803b4-b5ab-39de-9965-2b259bc5405d
281	0344_beautifullife	05146447-7c1c-3148-a573-e8b6ff9d2c97
282	0345_beinlovetonight	354bc520-1057-3e7c-8ce3-07756d767e9c
283	0346_birthdaydress	7be57e23-9bcf-3477-8196-e045dda7dbac
284	0347_bitch	08b79874-90c1-32dc-9f95-2e7ed747b42e
285	0348_blackout	27311b35-250f-3b03-a34f-8a77e688d628
286	0349_blow	2ad43687-4cc7-4fc5-bdf3-69bd2f726256
287	0351_blowup	b53215aa-97d1-48c2-8bb1-2ac4e2eeee98
288	0352_boogiewonderland	0139deeb-ad09-4804-b86e-8f2a4d1830c3
289	0353_bottomsup	0ea8e607-00e2-4b1c-996f-112f29f830c3
290	0354_brandnewday	5f77ad39-aef4-3344-978a-eb4181b2df54
291	0355_brokenhearted	0e764f03-0374-456c-a183-187b76cad7c8
292	0356_californiagurls	0ad92a52-48aa-353a-a1be-1b36110b042c
293	0357_cheers	079d475f-4679-3bee-b6b3-f1e2807d82e3
294	0358_children	2a9f7ea4-be5a-4237-9710-cfcb2d75080b
295	0360_coolerthanme	0076e692-6525-3ccc-b3fb-db78abbb8d5a
296	0361_countrymustbecountrywide	2b386549-2bd4-4186-a6b8-e2dd699f72b6
297	0362_crazygirl	04d77158-ea09-3a0c-b057-050a95c04a7b
298	0363_darkside	17542ba1-bb35-3374-b9ed-8167ca486696
299	0364_deuces	063c0f50-b4b2-4af5-b9de-08d834604ebd
300	0365_dirtroadanthem	6a8afb7e-38b2-3e54-bb10-92b67e7ed159
301	0366_domino	001e1d10-3b26-3388-b1a1-ec8cd8305733
302	0367_dontdreamitsover	00987e30-282c-4961-bcb7-9b2282a0d07d
303	0368_dontwakemeup	10a830e9-6fe7-3dc1-864f-41ed17bfe231
304	0369_dontyouworrychild	06fe6477-0bdf-47b3-be9d-c0d13f52933e
305	0370_downonme	260910bf-2a05-4866-9818-d18aeaf50b0b
306	0371_downunder	46f0f674-dacc-441f-a78e-25b5b7e471aa
307	0372_drinkinmyhand	0a8b6867-09b9-3184-812f-683db55b6be3
308	0373_driveby	0041fcd4-8b25-3b1f-b898-8e1992405514
309	0374_drunkonyou	abf855a5-4647-3475-b622-10c12bf5f58b
310	0375_dynamite	003ccbd2-5da9-4d59-a012-e883517359fc
311	0376_earthquake	0579b85e-0bd3-3dab-8a3e-d77255ac1434
312	0377_eatdirt	34b819fc-027d-37e7-ac20-775de718538a
313	0379_et	09d4c998-1ea7-47ed-8af3-7d502b9419ce
314	0380_everybodytalks	0b871646-15ee-39ff-ae82-a7a87f7933e1
315	0381_everythingyouwant	043608e8-ab40-3410-a1d5-63961ecdcf22
316	0382_fatherofmine	7034cf6f-5f1a-42d0-afdf-91e9fd71c925
317	0383_feelsoclose	3934d91b-9e38-435c-a20e-39f62f5887cf
318	0384_finally	002dfcfd-2c79-4fc7-9763-7410ea3acb73
319	0386_footloose	038aa46e-9398-4759-8307-19e5d187420b
320	0387_free	c3cc66c5-fd77-3598-ab72-51e8f1a786d6
321	0388_gangnamstyle	023535cc-21a0-4b3a-bc7d-fa3d1eb39ff2
322	0389_gettinoveryou	206f8e46-6a2d-4480-a416-1cadc6804cc6
323	0390_getyourselfbackhome	39438f20-bf44-3268-91a6-d7bb4bcc40aa
324	0391_givemeallyourluvin	1a963fed-af27-369a-a6bc-6e51275bd62f
325	0392_givemeyourhand	6783ecd3-894b-3091-b40d-6862250cb532
326	0393_giveyourheartabreak	36962b50-cce1-475e-8a75-8ef5c2ee63f2
327	0394_godgavemetoyou	0334b822-b2b1-4230-838b-3aaf13cd7ff1
328	0395_gold	28d7dae7-c202-4301-81e7-1397767077e1
329	0396_goodfeeling	02f7f555-4c78-3f70-a818-22a164883fe2
330	0397_goodlife	76f38054-6462-4154-903a-33c7c25613b0
331	0398_goodtime	0006d295-edfa-3765-839a-1d9e2304d35f
332	0400_heatofthemoment	2ccff15f-a7cd-4832-aa39-b2fb38bd8609
333	0401_hello	02e77ca9-4364-3af9-9fbf-14c5df03cdb4
334	0402_herestous	02fb9742-f1ab-42b1-91f1-48c3fef9740e
335	0403_heybaby	18697953-55e3-3c2e-b2f1-8c4b6a083772
336	0404_holditagainstme	0c6852dc-0ef8-3cbd-b287-5fb85485a92e
337	0405_home	0b3289e3-4a62-45d6-9197-f58b3f5a78c6
338	0406_honeybee	28f4a014-d690-4d35-86cc-5bd712bbea82
339	0407_humpinaround	01a9c392-548d-3347-8e48-a0841abb1d38
340	0408_icanonlyimagine	0b5264ad-8723-3bb7-812b-adb6cb827a15
341	0409_idontlikeyou	6a02d37f-539c-40b1-834f-b585c65ea2bd
342	0410_idontwantthisnighttoend	0bab8fc5-7e50-3f21-96af-9f221ff96010
343	0411_ifihadyou	4fba5bf2-cff1-4a7b-99c0-6d99b09844d7
344	0412_ifitmakesyouhappy	0288b7af-758e-39f3-b0bc-7f5c186f0897
345	0414_illbe	4545cfd3-46a0-373f-aac4-78b70a594a41
346	0415_illbewaiting	22f88aaa-882b-3ecd-be68-55f717def71d
347	0416_impossible	15dd1bd6-8f2f-3583-b6e6-f446c72d261e
348	0417_imtoosexy	009160ba-7b60-33bc-9f43-faf6de81d9d8
349	0418_inthedark	4b44d87b-b68e-3ae2-90d5-32f5c34ea88a
350	0419_itgirl	13392ed6-489b-488f-9dd8-2263d2df3ed6
351	0420_itsrainingmen	61697ae1-6674-3af7-a657-22ef27ec6847
352	0421_ittakestwo	02d5d9f1-660e-3286-9267-fdd2d501b0f2
353	0422_itwillrain	2280c64c-33b9-3ed5-9c1c-41e0748471c4
354	0423_iwannago	11802697-443f-4e10-ae2e-8933262b89b2
355	0424_justadream	309a86f9-b065-3dcf-a8bd-7ecdf8c6b473
356	0425_justakiss	c85a264c-b75e-3f7c-9318-b7a582d21d5d
357	0426_justcantgetenough	153af034-b37f-3f1e-8050-e351327b3f70
358	0427_justthewayyouare	01037869-b94a-3794-89c6-7825620ea163
359	0428_kingofanything	0a7599e1-9f96-422b-b559-760162f2419f
360	0429_kissinu	13530bbe-8f90-3859-8fd9-9f659b30f6a2
361	0430_lastfridaynight	04a96a79-54b0-33e9-9ae2-adf76f659a37
362	0431_letitrain	2dd1aa5a-c593-327f-b997-ab0ccb3650b4
363	0432_letsgo	559b1599-2f2d-34e9-870d-9b03718eb14d
364	0433_lighters	0527fde2-61c8-4897-a85f-dbab184b0a60
365	0434_lights	13bfdaf6-167e-32a2-a35a-8dc12b8ee6ea
366	0435_lookatmenow	0eff0d29-7530-347d-b41e-290ab668e05d
367	0436_loveactually	82605b72-60a0-35ce-89c6-21fdb23d13b8
368	0437_lovelikewoe	4b57ab7c-8b3c-3ed0-939b-b40ca1c5f71d
369	0438_loverlover	06727b9d-1846-4891-b059-48ce563cbce1
370	0439_lovethewayyoulie	07166200-b685-31dc-9bcd-66c5c9693ff2
371	0440_loveyoulikealovesong	18e04c90-0988-42a0-a810-deda9489e2ce
372	0441_lovingyoutonight	10bb674f-0d0a-3377-b7f6-1f823148d51d
373	0442_lullaby	10b35722-01a8-44dd-b907-7f4b6ef19ba2
374	0443_magic	009651e8-2c45-4209-8b64-0be177b9ce5f
375	0444_maybe	0381a224-ba48-3169-9428-baa818b3cb8a
376	0445_memories	208bf729-9477-4d3c-8017-38d333c026c7
377	0446_midnightcity	1aed6bd2-c65f-3ad8-b836-03bef3d88156
378	0447_mindyourmanners	1a92b259-3b13-3aea-8949-685e4546d400
379	0448_mine	02470718-e028-3802-b299-7e496745f851
380	0449_misery	02a4b237-e8da-3b0b-a7ad-51de08a44eea
381	0450_more	0495f4fa-2d0f-3120-a76a-adc0221644cf
382	0451_mrknowitall	2f67461b-00fc-331a-a462-2f9e29324491
383	0452_myfirstkiss	187ed9de-2666-39ac-8d2c-92b4790b2e24
384	0453_mygirl	2fdbfd0d-53e7-3775-bdd6-22d045554fb5
385	0454_myohmy	20faa080-d2ef-3817-acd8-62e5502d0d19
386	0455_nevertearusapart	007d4dca-a168-32a8-a09c-3d4d29a3fc70
387	0457_nothing	93c413d5-fb35-34de-a8eb-e1497bcec09d
388	0458_notorious	0f9bc34e-437a-3473-a24a-876b5c0d75fb
389	0459_notoveryou	2131602f-d2c4-4b04-a9cb-fc5c8a84201e
390	0460_numb	03756b60-4bc0-3794-8189-4506c5db8549
391	0461_obsession	2974309f-b861-4c5d-af78-0292236748b9
392	0462_oldalabama	0fcd7e1c-52ab-4e99-becd-feb52e914797
393	0463_onemorenight	01fffc18-bdb8-3b26-88f6-397f1a1a1116
394	0464_oneofus	00afce86-42c9-4cd6-884b-ddee43324dc3
395	0465_onething	0339a0c3-b23f-491d-9f91-79f1f3a94768
396	0466_onthedarkside	e07e161d-399f-4557-bfff-936afaea275e
397	0467_onthefloor	28680331-74e2-3f12-ac3a-e0074cd3d778
398	0468_openarms	000f5204-a72b-4db2-a577-271ab4e7ab3d
399	0469_ordinaryworld	62929020-7748-31cf-bb31-72560823fc7a
400	0470_ours	24c711a0-caa2-40f3-a7df-f3dc072107eb
401	0471_paradise	02f26724-c38d-349f-8882-9d82a5807132
402	0472_partofme	1f3b269b-d819-4151-b297-ae2948cbbea2
403	0473_payphone	3921d9db-4cd9-3aef-a404-fcd07e74e789
404	0474_pleasedontgo	11857d56-88cb-438d-ac80-6212a9a99438
405	0475_poisonedwithlove	0690e18e-c40d-3707-8368-8c9a40fefca8
406	0476_pontoon	115d889f-8619-3205-b806-e8445ff09d0f
407	0477_poundthealarm	05575fc8-8a91-471f-b18e-30f9b4d40623
408	0478_prayforyou	1123a369-0002-3635-83f7-66a76d1a412c
409	0479_pricetag	07c0d4ab-c2a6-35b8-83b7-235c68eed07e
410	0480_raiseyourglass	72ffe005-fb8d-40c2-a076-7e0f5ab4d5f9
411	0481_reallove	1a52a778-b99c-4778-a81e-d6807667dc19
412	0482_redsolocup	096ed10c-a600-402f-ae83-293c90abf198
413	0483_ridinsolo	3963e79a-1f74-3c5e-b8be-955b81109275
414	0484_rockthatbody	0e16a67f-2bd2-46e3-a860-f5c2a13b0319
415	0485_rollinginthedeep	01641244-1cfc-37eb-8b85-f403c7c458d4
416	0486_rundatback	37f80e03-e05d-33b4-b87b-b432e619e633
417	0487_secrets	01e4ab93-4d9a-42da-bf74-d43c0243d9e0
418	0488_september	01fd0cd1-0b39-4f47-9edf-32043d5dc727
419	0489_shakeyourbody	050a31e4-0ad7-42aa-bcfd-c2f7903dc6c5
420	0490_showme	4b22a82f-6bee-3053-999d-19777cef40ec
421	0491_skyscraper	3ece8747-119c-4941-b1cc-4bf1d7740592
422	0492_sm	045b9acc-628e-46a4-8743-c6d2f0b0e735
423	0493_somebodysheartbreak	0b000277-8933-4495-9e69-745f746b09f6
424	0494_somebodythatiusedtoknow	03b419a9-1864-36d5-9fd7-381f1d7deac2
425	0495_someonelikeyou	21d02832-c7e0-3d5b-993d-733c22c038d0
426	0496_sparksfly	19eae32f-8969-3db2-b5de-e6b541b76248
427	0497_speakers	771e0001-b44d-3538-afaf-38305b7b73a5
428	0498_springsteen	14e3dea5-bbb2-31d9-b6a2-97d12835060d
429	0499_starbuckssmile	49d09922-b006-33be-a404-0ca35f6d309a
430	0500_stay	0d61a517-353c-327b-8752-6ea5efce60af
431	0501_stayawhile	c31d1952-9eef-3cad-9d74-4932f786b547
432	0502_stronger	0e60d06e-9362-30de-b17a-ec27cf04cf2d
433	0503_stucklikeglue	044567df-e621-4bd0-99d3-1586c7d4f44e
434	0504_suspiciousminds	da28b19f-7e68-41ff-951a-8ad5161806a3
435	0505_takeitoff	3cb292a4-05aa-4551-ad3b-238eeb5438b6
436	0506_takemehometonight	01dd89f7-38b9-3f3e-a27f-2edb95be3d76
437	0507_teenagedream	01d1d143-2e6e-3eca-9e05-768e26e416b3
438	0508_tennesseeme	3ab1bc79-d16b-337e-978f-0a05baf1096a
439	0509_thelazysong	07195deb-745d-353b-8fc3-c5b8a333047b
440	0510_theonethatgotaway	000be30f-c69b-3cb2-9efc-0922d8894034
441	0511_theonlyexception	0d2970ee-7852-37a0-be36-516ba47789cb
442	0512_theshowgoeson	2d34d8b9-217e-3027-a5e5-313c0c6f1183
443	0513_thetime	3398fcd5-0b12-37ea-bc00-5dc587148a4c
444	0514_thetimeofmylife	0385b864-2042-3dfb-a2b3-64580fb49eff
445	0515_thisafternoon	6277cd8a-f22c-3ebd-b39a-da0eb694ee64
446	0516_thisorthat	92a49d49-74cb-391b-9b1e-6778a7b0d7e6
447	0517_tilltheworldends	002fc983-08c6-44b9-bcf8-aab001685b5f
448	0518_timeaftertime	008bde33-2fbd-405b-84ed-ace60510fd40
449	0519_titanium	0f761469-afe9-4ea0-9e72-e1273f4c9dce
450	0520_tonight	4969659b-eaf6-39a7-8f65-dd237ce089bc
451	0521_tooclose	0cd9ce3a-6182-3688-8afc-496a8f4e4048
452	0522_turnupthemusic	15f22fda-ba44-36e1-9f7e-31449bcc5031
453	0523_ucanttouchthis	011943db-a04e-3118-bbaf-bc1fc66b575b
454	0524_undoit	95b603bd-d9a0-4993-be53-60179e39b585
455	0525_venus	00bab03d-9b82-3114-aa83-6f36e200bf94
456	0526_waitingoutsidethelines	0549c659-2ca5-440e-91ff-57b7fe95b1a4
457	0527_wantuback	3c061413-df3d-3d24-b332-5453b516746d
458	0528_werunthenight	29db2e0e-fc5a-465a-845c-7b1e58eb0ad5
459	0529_werwhower	103adfbf-2b4e-4b68-b102-636145a7fc25
460	0530_whatthehell	0678a6ad-b1e7-48dd-a654-d51be6017cda
461	0531_whenwestandtogether	56d8348b-b002-3a90-9319-1187790e77f1
462	0532_whistle	81e07b1a-df98-3cea-8a34-c7f1ed4507ce
463	0533_whosays	aca0ac29-76a6-4192-952c-bc4fec8ce4f7
464	0534_wideawake	06ebc20d-22ae-333b-9b4c-c1522816b236
465	0535_withoutyou	014d8499-5e8a-4385-806e-d370bac04fba
466	0536_workout	0b709b95-4ea2-3226-8b22-4f6d9037e37c
467	0537_writteninthestars	089a3dd8-ccda-3a93-a0f6-195fe32f3d11
468	0538_you	46f6d6da-223c-4add-8831-43a3ce63f0b2
469	0539_youandi	e258edba-8d12-3218-8a93-a7dc7a3867c1
470	0540_youandme	c2d33291-70d4-34d5-b170-bec8ee1ad50c
471	0541_youdroppedabombonme	3cb9e97a-1c1f-3085-9bff-08d0c484b08c
472	0542_yougetwhatyougive	04755658-7ce6-385e-a969-6a05ac70a154
473	0543_yougonnafly	233398e3-afc7-38dc-98a7-949125bebc7e
474	0544_yougottabe	2c33f5c4-5c17-3457-9881-92c9cbda4c53
475	0545_youkeepmehangingon	05d61dc1-46b5-32e7-afa0-6f3260b73042
476	0546_18days	00fc8e11-3e3a-3210-8de1-634e26d1fd39
477	0547_1901boflexdpassionpitremix	05f0fdc7-c2ff-3795-84fd-d528308cca86
478	0548_2getherextended	1ea329c3-26b9-36c4-b03c-89471e996353
479	0549_515	009d3744-80ba-4725-b003-f4c4461ef974
480	0550_aboutyounow	0293e053-6b1d-3a72-9c65-41257d57ab70
481	0551_accordingtoyou	13f46980-54ca-3cfa-9a75-abc50e91458a
482	0552_addicted	0596d44e-5d96-4e7e-9901-e91bb2658af4
483	0553_alivefeatthegoodnatured	0a1fb31f-f52f-37e8-b272-58bb3fb688d0
484	0554_allalright	05ede580-a99c-3d0a-9d19-fae93fd932c4
485	0555_allaroundme	26882e5b-8b0e-4e70-81d4-419c5cc174e3
486	0556_allaroundtheworld	068c608d-b772-3dfa-a67d-84fdf5280296
487	0557_alligator	1022d723-4529-4506-b427-a83003f850bf
488	0558_allnightlong	23afbdbf-0898-4664-9e7d-41a632945ef4
489	0559_alltherightmoves	0196b5fe-fc2f-3f6b-9d25-60d815ddeb13
490	0560_almostlovenow	62d4a9fc-1c0d-3e11-9b7c-8204b5d0d7af
491	0561_alorsondanse	d37c9b2c-7d8a-3171-a1a4-1e405d1409c3
492	0562_alreadygone	0271e8f7-a5a5-4557-8065-ce5170e225c7
493	0564_americanboybenny	0537eb68-00ca-3436-a3d4-5812046df22e
494	0565_americanhoney	7b7910a4-11b0-3719-b707-8dcdc07ffd8e
495	0566_americanwoman	0fe4c19d-8099-3aec-96b3-e8229328e06a
496	0567_anythingcouldhappen	0032dd96-5dba-44ac-bd4b-080196d9b951
497	0568_apologize	074b84ee-046e-35ce-9289-45f6fb53dad4
498	0569_arrow	1e715edb-5116-4544-9002-30a114c75525
499	0570_aslongasyouloveme	04450037-d036-407a-8e81-c66093edb798
500	0571_atlantis	03f9780b-2aac-3561-bc10-327b6afdb9c2
501	0572_awake	074aed65-21b7-40bf-bb95-a256df982c66
502	0573_babyludacris	22bc9d82-86db-343d-82c1-f27610a09bd3
503	0574_badromanceappboyz	7dea9f76-2e12-4dea-85e4-88b03d2ab259
504	0575_badromanceskrillexremix	0bc34d9a-4c43-49f4-a3a2-62d46fecf0dd
505	0576_barbrastreisand	c7d254d7-dde7-4ab2-a2cd-dcb6bc2fae87
506	0577_battlefieldmainversion	092527a5-9f18-38f6-ad58-6ee59dcf8c62
507	0578_bealright	0af4429a-f45d-4510-91f6-03bfd8a40e7f
508	0579_beatitstudioversion	677e54cc-c528-4c77-a7f6-1126d6dfa73d
509	0580_beautiful	02596e9a-90fd-3470-9dc3-6622a2809908
510	0581_beautifulcarlyrae	32e8e0f9-c2a5-3421-9f20-77cf6931589d
511	0582_beautifulday	0172f994-5940-351d-bd7b-7a51f9187d1e
512	0583_beautifulgirls	46cb5e21-3cbc-4f51-b413-11dc306278b3
513	0585_beautyandabeat	014d6d73-b235-3c1a-b4e8-589603732ae8
514	0586_bed	0294605a-f0fd-3067-905d-2b3099a1e18b
515	0587_bedrock	189d19f6-3aa8-34bc-b2e0-66902b205958
516	0588_believe	2f9ce6f0-d1a7-3f4a-a055-29c7c59d431f
517	0589_bestieverhad	006238aa-ff96-366c-bbe1-5a6ed335e7d8
518	0590_betterintime	033f527a-5272-4ad2-876b-f8408f56fdb7
519	0591_biggirlsdontcry	034f47c5-4347-4022-ac76-3edb0c5d134f
520	0593_blameitradioedit	63d3661c-8990-497b-b7c8-539ad67daff3
521	0594_bleedinglove	00afc54e-bb36-4c98-b29a-c069d5e4af86
522	0595_blonde	6c79cdde-f3a1-353d-a2fd-8c5edc59eecd
523	0596_bonbon	08e4e523-225c-46bd-b591-41113bbe798c
524	0597_boomboomguetta	3335f002-edfd-3177-9885-b67efecc4c59
525	0598_boomboompow	4e78b7b4-b01c-3670-88d0-948d201f87bd
526	0599_boyfriend	079de420-ec2f-3fe6-a19c-98e2141411fb
527	0600_breakeven	41717093-8e19-4567-b25b-7a36454102fc
528	0602_breaktheice	0662bef9-edc9-3d10-b8fc-9039aaacc44b
529	0603_breaktheicejasonnevinsmix	0662bef9-edc9-3d10-b8fc-9039aaacc44b
530	0604_bustitbabypart2	28008100-f04c-303f-a3c1-acfedc9c20f6
531	0607_cantholdus	1115fc74-a2e0-4aeb-91b2-1cf6b830971a
532	0608_canttellmenothing	2fb8916d-a9ac-35ed-b7f9-01924e3d6f3b
533	0609_carryon	09d4fe68-c2af-33ae-86be-2ca8819d1e2d
534	0610_castle	61c41707-7783-38ac-af5b-116fbc71d19b
535	0611_catchingfeelings	130d66db-028f-347a-a6f8-a1abef840d76
536	0613_celebrationbennybenassi	377a7c07-2ec2-3291-ab6d-4559fc819827
537	0614_cinema	3498307d-8fac-3f08-a9c5-e9e747b89eb3
538	0615_circus	01933454-c7a4-3ef1-ba8f-29ff1aedf55e
539	0616_citygirl	3efb24b6-d89b-38c0-aba4-e984e6327b38
540	0617_citylights	562b2085-2ce9-3910-92ae-bb2c9dbafe49
541	0618_clocks	3f970e69-52c0-32d9-9356-7fddbeb32947
542	0619_closer	04302385-54f1-3624-99e2-fc6e6940efe8
543	0620_closertands	3b532426-5b1a-42e3-94a5-39c28814ef93
544	0621_clubcanthandleme	23a7c7b7-5b1f-364d-9f54-23ed09e46632
545	0622_clumsy	2a62ca6b-793b-3c8d-bc1d-74809610b1c0
546	0623_comeongethigher	09b7d975-92d3-3c72-9c6a-5570ed9f8606
547	0625_complicated	0cd93592-c08c-3615-b640-97b314c70b4b
548	0626_coolerthanme	0076e692-6525-3ccc-b3fb-db78abbb8d5a
549	0627_cowboyboots	03aa6b35-5d6a-480a-a3f5-149acab9474e
550	0628_crankthatsouljaboy	13ca419c-94d4-4c44-89d1-9326d7309924
551	0629_crush	08a18cde-eef3-3ea2-80e4-a20769d57fb3
552	0630_crushcrushcrush	0facba75-66c6-34b7-a88e-15f68173e73a
553	0631_curiosity	1fcd7bd9-10ea-4ec3-8bca-4f7fdac5a658
554	0632_cyclone	c7522c17-c2ae-3268-869e-62789a395754
555	0633_dancingmachine	0aceca7d-5498-4600-bb19-34dd8dd8074f
556	0634_dangerous	0b37b61d-ebe8-36ba-84ef-cf9a8374eeca
557	0635_daynnite	52a08a43-b721-316b-9458-e69b651e38ce
558	0636_daynnitecrookersremix	b00860ba-6b3f-3d26-b438-278c40001a92
559	0637_daynniteremix	157ecead-af0c-37a3-a06b-709bcc6c154b
560	0638_deadandgone	097571ed-f7f5-4954-a8bf-ba85d1e75700
561	0639_dieinyourarms	0798eb8c-684b-3ab0-ae32-350f68cb512d
562	0640_disturbia2	0027efd1-c37a-3709-a032-f9a3561043e9
563	0642_dontconfess	1f13c5fd-c961-30e6-9c95-9671730a9cc9
564	0643_dontrush	1392540b-cf18-3fe1-a73b-3bad8c64008f
565	0644_dontsayaword	01d6cafc-cb7a-4788-8af4-5231af5978e3
566	0645_dontstopthemusic	0737cab7-958b-3c9d-b195-ce273ebfb29a
567	0647_dontthinkidontthinkaboutit	1845009b-5943-490e-826e-1838e93bddfc
568	0648_donttrustme	048fb666-60cc-386a-a55a-903ba74a9bad
569	0649_down	0b2baaf3-cbb8-3a5b-8a4a-2fe7442a118a
570	0650_downlilwayne	0b2baaf3-cbb8-3a5b-8a4a-2fe7442a118a
571	0651_doyouremember	0dd04b0a-9a69-4a7c-a7f5-fdb70a0d03bd
572	0652_drovemewild	0b7f78d4-a2d1-3dc3-8672-ef4258ae3030
573	0653_dynamite	4000476a-a754-4d82-8766-51233dc5f31f
574	0654_dynamitemixinmarc	da9b93aa-8d09-4898-9b3d-283c561ab440
575	0655_earthquakey	3446ec79-47c7-3984-9526-0afeaf007378
576	0658_evacuatethedancefloor	01b68762-6583-3e68-a968-a9d9de436a59
577	0659_everybody	217a95ed-17e8-3e72-a81b-d1a7c504794d
578	0660_everymorning	27666ded-8c97-37af-8015-bac1d019b727
579	0661_everythingaboutyou	0a1390bd-3968-3a9c-8565-84c0760d5c92
580	0662_everytimewetouch	4b7c7eaa-6535-31dd-9812-5a3662db484e
581	0663_explosions	0271374d-1290-366f-ba19-4d8b7dff912f
582	0664_eyesextendedmix	39e210bb-b978-44b8-9435-4086ecd881c5
583	0665_fall	0e862f77-f71f-372c-80b3-c04bf8d60972
584	0666_fallin	0b221c96-b527-37d7-8b90-b75b7f5ed758
585	0668_fallinganthem	8662210e-9634-376f-aa04-172858785d53
586	0669_fastforwardffwd	23614056-df70-3188-8c93-d2a65f6cf1e9
587	0670_fearless	08aee5a9-de41-47c4-84d7-8d566ea70ba6
588	0671_feedback	04072c12-402f-3ad3-9bb2-d5db66191950
589	0672_feelitinmybones	45cd4bdd-a4bd-32d3-8f09-7f7ea8536962
590	0673_feelsliketonight	514af350-6f96-4981-be66-1a84b92f5ba3
591	0674_feelsocloseextendedmix	254e07b8-d0d7-30a1-bc56-401255d7274c
592	0676_figure8	00de927d-f5c7-4075-9d1c-2567ad84a588
593	0677_fireburning	1101f833-a839-3bc5-b1af-c6541e650626
594	0678_fireflies	009a41f9-d8c3-4e00-87bc-e982b8e55f1a
595	0679_firsttime	06d5d326-d46f-3cf3-9ac6-c31b97125741
596	0680_fixaheart	61002eaf-070d-349f-b32b-2bf1e8de6c72
597	0681_flashinglights	10cd80d9-cb2f-3fdd-adc1-da747e8597ed
598	0682_forever	01b1e08b-c495-3845-9620-d6a82156a967
599	0683_foreverextendedmix	46199550-1d0e-3834-bfbd-be142117c775
600	0685_forgottolaugh	17a1ebb3-ac1c-496c-a0d9-b2dbcbbfc4c8
601	0686_fortheloveofadaughter	010cc835-f72f-404d-bc61-876cfcf82236
602	0687_getouttamyway	3e493bee-3fe1-3b0a-8de3-3f3419d9dd16
603	0688_getthepartystarted	226ab81e-49f7-3419-a82f-2a219a92d741
604	0689_gettinoveryou	206f8e46-6a2d-4480-a416-1cadc6804cc6
605	0690_givemeeverything	9a003e6f-ca42-3b57-92b8-2ac3d940227a
606	0691_givesyouhell	0713392c-400d-49a3-be1d-eed62ca35be6
607	0692_giveyourheartabreakdos	36962b50-cce1-475e-8a75-8ef5c2ee63f2
608	0693_gold	96970d6e-d646-32b0-9723-bef6ed241fad
609	0695_goodbyegoodbye	4ed704d7-31a9-480b-a4c4-824162bff705
610	0696_goodgirlsgobad	05b36541-3935-4d86-a981-58ce6166107e
611	0697_goodlife	2d0742b3-ce60-455c-9a1c-d9e6c6c9f1a4
612	0698_goodtime	0006d295-edfa-3765-839a-1d9e2304d35f
613	0699_gotmoney	09850df0-a5e2-389e-afc0-8d6580d86601
614	0700_gottabesomebody	de5668d3-652b-3004-82ee-db9bdff6e8f6
615	0701_gottabeyou	640ffbf3-217f-388b-925c-bc55faca765c
616	0702_greenlight	68302705-5710-3f53-8226-8a553821f177
617	0704_guitarstringweddingring	1b03aae2-0f35-3f29-aa63-bcc8345abec9
618	0705_haditall	0147dacf-3864-45e8-8932-84c794a48cbb
619	0706_halcyon	0502fd87-5b71-4d72-b870-ebfdc3dcef8f
620	0707_halfwaygone	1eed1c87-ae07-4897-a756-5cfe3f7f78bf
621	0709_hangingon	07696eb9-2a35-3722-bb19-98f5f1570980
622	0710_hardjeezy	23d82e99-72d5-4397-9dc8-e5814ce55ba0
623	0711_heartheartheartbreak	140b5107-26a6-39b8-afdf-b997ed383b59
624	0712_heartless	267e1ecc-086d-37fe-84b5-48a57904a2e0
625	0714_hell	0784b078-d79f-303e-a06e-1d4f7b6540ad
626	0715_hellodadalife	0908ed0f-6263-3eba-ade8-ee3d430b5056
627	0717_heysoulsister	0ca2adc9-b07b-3ebb-be82-ca8d16b795ca
628	0718_heytheredelilah	50ac8e99-c82c-3df1-b476-36a173c8e42f
629	0719_hipsdontlie	062037c4-2a08-3706-a672-a3031a7f29f7
630	0721_holdup	2ce16d59-076c-4d7d-8fa5-b78c95614623
631	0723_hotelroomservice	02e02030-ae3e-4d46-849b-15fd6e16ffd6
632	0724_hotmessdj	b6f1f98f-12aa-3774-8247-156c76631fea
633	0725_hotncold	09ecf9bd-ecab-391e-bcc6-2d92f1146b02
634	0726_hotplay	022786cc-937e-46df-b470-b1e4aea414a0
635	0727_howcomeyoudontwantme	0109fa3e-a3a1-3e73-ba40-e816acd4479e
636	0728_howyouremindme	020bd880-bd05-33a3-aed3-2803cbf53e8c
637	0729_hurricane	08b12508-c822-480e-9e18-1a5de705e4e1
638	0730_hurtssogood	333bf594-0fe8-45ea-9793-bb91f5052cd0
639	0731_icouldntbeyourfriend	24ec961a-94ce-31fc-a5f8-51c10635fe9b
640	0732_idontwannabeinlove	1a85f7fe-c485-49aa-a2d6-e7295cb4abe2
641	0733_ifihadyou	40668798-8210-390d-8ef1-e61fcdbf2d0c
642	0734_iftodaywasyourlastday	00b82726-1b18-4c44-9204-82222bba67a7
643	0735_ifuseeamy	1573c537-26f0-4691-89bd-b51f02b544d7
644	0737_ihatethispart	010d2d5e-811f-36bf-8830-cbf355435b86
645	0738_ihearnoises	242a6b99-bce6-36ab-8ccc-3db76efc5207
646	0739_ikissedagirl	016c2564-4b53-38d3-bdeb-9919be98d7f3
647	0740_ikissedagirljasonnevins	016c2564-4b53-38d3-bdeb-9919be98d7f3
648	0741_iknowyoucare	0126fcf5-9bbe-4c46-8ebd-13f3e0ca0ec8
649	0742_iknowyouwantme2	2e859ec4-355b-4943-a183-e342e78d0ab4
650	0743_iminloveiwannadoit	4d0f962d-774d-34dd-ade3-b9064ca93257
651	0744_immabe	0c759c93-24b6-4965-8619-c65a82719286
652	0745_immabewolf	0c759c93-24b6-4965-8619-c65a82719286
653	0746_imnotyourhero	385b3a5b-693b-43eb-bb44-8d5d9b917a76
654	0747_imreal	1183d335-78ab-3689-80e1-da4cd5ecd62e
655	0748_imyours	21d48f58-d407-3d3f-b43f-71a93914b043
656	0749_indestructible2	0806bd9d-f0b8-3064-bd8e-f1ba0cf799de
657	0750_ineedyourlove	e4f0094c-7ecc-4a79-b007-bf4a12a10923
658	0751_inlovewithagirl	09bc5300-2b88-40e6-96bf-be202144715d
659	0752_inmyhead	143816fc-fd87-4c89-89c0-b1ac4d7cc2a5
660	0753_inreallife	30124e25-aa7f-443e-9867-a7337e86033a
661	0755_intothenight	0989f325-62d5-3380-a2fe-286bf80158a6
662	0756_istillmissyou	642e432a-d71f-341f-800c-30ce570189bb
663	0758_itgetsbetter	1131e0d3-3c0d-40cc-abe2-0e4bd1e80cc3
664	0759_itgirljasonnevins	20fb9365-a912-447a-b0f4-3f29643586fe
665	0760_iwannarock	39589207-1faa-45ed-90dc-a8e2d11d59ac
666	0761_iwant	0b3a72f7-174d-4325-a8f8-0a3a6fd9fc0d
667	0762_iwantitthatway	01752db4-692a-3475-ae2e-fca6e13f3e72
668	0763_iwasafool	176c9649-7fb6-31ab-831a-8be184c71c15
669	0764_iwish	08585d1b-ade4-3db9-b53c-efed765e4d93
670	0765_jimmyiovine	1628a025-aa22-3df4-b31a-89d2eea31c7e
671	0766_justdance	01372277-c972-4438-9857-44187acf2f66
672	0767_justfine	0dcf11b5-5ea0-4c59-9c6d-4a84d557b7b2
673	0768_keepsgettinbetter	2b5e6643-dd4b-3a97-a4fe-be585c84d544
674	0769_killa	0619a51a-a17a-4091-9136-f57f3ccc4231
675	0771_kisskissmainversion	1a6cdf4b-96fe-34b8-aa9f-b570d181bce0
676	0773_kissmethruthephone	98244fa4-45cd-427d-a858-24c5fb826d3d
677	0774_knockyoudown	149abed8-c568-355f-97ef-dd5757bbaa52
678	0775_knockyoudownbimbojones	cc0b6505-b819-37da-bac5-09e06d15f7e0
679	0776_krazy	90f350a0-4de8-40e0-bb1f-3568d5faedc4
680	0777_lebump	99761538-8073-3a56-89d0-9eb1ca0a5005
681	0778_letitrock	00cd6bf0-837b-318c-a850-d53fc9d5b9dd
682	0779_letitrockfilthy	00cd6bf0-837b-318c-a850-d53fc9d5b9dd
683	0780_letmebereal	4212deb7-a0ae-3f8a-8ff2-e90727e7f17e
684	0781_lettinggoduttylove	1a2b04e5-b60d-3bb1-ae25-accfaa4df40e
685	0782_lifeafteryou	12655adf-e5fd-4345-a5e2-3023ea90eaf6
686	0783_lighton	29218375-8e83-43d1-ada4-8b0db98f5fa3
687	0784_lightweight	892aeda3-5629-4eb4-afdc-54a81f9b5199
688	0785_littleliesnow	ac6b65e3-3f16-3999-87ab-3bbaf32e177f
689	0786_livelikeweredying	48a2815f-c5a5-3b12-bfba-0e25d80142b3
690	0787_liveyourlife	3ab68f8c-a4ce-3eb9-b8d7-7ecc50fc4159
691	0789_livingroom	11ef8007-f688-3d01-a793-59ee70c21a01
692	0790_locapeople	066fb906-02b6-31bd-9413-731fa6ac4356
693	0791_lollipop	0df5c3d4-5e5a-361a-a22b-e87d35e65e5b
694	0792_lovedrunk	0b6217ad-a9fa-3a68-9bc4-55408304a595
695	0793_lovegame	007582c5-0b89-3bf0-890a-28c636f972e8
696	0794_lovegamedave	42c14135-d7b3-3daf-b2c2-31c7dde7dad9
697	0796_loveinthisclub	07fd5074-f3a1-353b-b2b5-cb86398a5477
698	0797_loveisgone	0cfd2be3-19ae-310b-9eb4-185da478775f
699	0798_lovelikethis	126ea8b6-9f79-4c92-8ffb-d614d21ff430
700	0799_lovesexmagic	7bd1ce28-7c86-4c87-83ba-a259cfa5bdaa
701	0800_lovesexmagicjason	0017ce16-621f-4060-8980-e539fe75ef4c
702	0801_lovesong	00caeeae-66e1-427b-aea3-0c0536e876c4
703	0802_lovestoned	05aec9ec-1d37-393f-a512-eb4945e0c870
704	0803_lovestory	1b044188-cfec-4e73-bfa7-5c60f5d93d84
705	0805_lovetheysay	51a42306-b5d7-402c-9289-30e62d9b8e6c
706	0806_mad	0a89725a-e2d9-3abf-932c-518a3770d32a
707	0807_makemebetter	0e6e9f58-7d2a-3694-8323-f61971b9e256
708	0808_makethemoney	184701b9-0c97-30b3-97fc-b67964035cf3
709	0810_memoriesextended	413090ec-3cbc-3e11-bee9-5bff334642a4
710	0811_miami2ibiza	00372d96-60ef-326b-a044-35684dce2bf2
711	0812_miserybimbo	4078e279-f58e-3395-a703-e0857487a40f
712	0813_missindependent	015115ac-bc19-35ac-b5ab-662a92479ef7
713	0814_mistake	16f4b23d-b3af-4d45-a99c-078accd07467
714	0815_mondaymondaymonday	028c6b79-89dd-3376-a9f0-2a065fab52b1
715	0817_morethanthis	f6fd5236-aaa7-4912-8d9c-ccaa87a78368
716	0818_mrsaxobeatext	17d222e3-b258-3aca-b69c-ec13df663577
717	0819_myblood	0513eb0e-ebd5-4d80-8cf5-268f25d1cdaf
718	0820_mychickbad	0a563cea-efc2-39f1-8097-0ca9f5b4a5b1
719	0821_myfeelingsforyou	51fdffb2-1744-328e-8e10-854a99147926
720	0823_mylifewouldsuckwithoutyou	01458eb3-bceb-457a-bfbe-7f852c259d93
721	0824_mylifewouldsuckwithoutyous	1cf9275b-e350-35d4-8ca7-71f7b5634313
722	0825_myloveislikeastar	3d3edba6-8513-32cd-a141-64daa9a9f5ff
723	0826_myohmy	26804cad-63b0-38ce-adf4-b46f0908fa9e
724	0827_needyounow	0944ebd7-8135-3f04-af39-6e0254a7c1de
725	0828_neoncathedral	3705783e-d237-3742-8933-47ebe2eecbc9
726	0829_nevertoolate	2b50e2c1-0dde-394d-a633-43fecb8307ab
727	0830_nightwatch	04252be2-13c5-4885-88e4-7df0825a18d6
728	0831_noair	19a5f697-c0cb-418d-be13-f149f78229f4
729	0832_noone	0400330b-3a42-42e9-ba59-8c70b65758a8
730	0834_nosurprise	16c8e2e4-30aa-4567-b375-b5f3726429e6
731	0835_notetogod	07bcdf17-e966-32c4-94e0-57c2b01dd37d
732	0836_notmyselftonight	031887cb-bd1c-3a3c-adf2-72c764eebfd1
733	0837_nottonight	9a21aab7-3eeb-3d6b-8e88-c654a4a6bbd0
734	0838_nowimallmessedup	35d1e9ab-b0f9-31de-9a27-c3fda1d00a7e
735	0839_nowyouseeit	876552b3-63ae-3361-83a5-3a84532a078a
736	0840_obsessed	cc4bebfc-105d-34d9-a69d-92bf895e77d9
737	0841_obsessedcahill	10a10c51-1de5-38ba-ad5d-f485e510ed6e
738	0843_omgalmighty	0ae61c39-a478-49e2-934e-d44650080d81
739	0844_ondirecting	0d303b56-3061-38fa-89dc-b535e1e9f8f2
740	0845_onefoot	09a71ba0-3cfc-312d-a960-5b19ffecba9a
741	0846_onelove	8829b893-6d42-3e07-9809-bb0ce6e3cb46
742	0847_onestepatatime	042f6225-570c-36f8-b579-285737c2b947
743	0848_onething	0339a0c3-b23f-491d-9f91-79f1f3a94768
744	0849_onlyyou	2f45d6c7-043b-4f41-9917-abd76127aac3
745	0850_onlyyoucanlovemethisway	252499c0-b8b1-3c98-b3bd-e81543a6cf44
746	0851_openurmind	fc334c8d-5dde-31b0-96f0-9b14047242cb
747	0853_outonthetown	370b8884-76a8-4af0-8e0e-a36677f27620
748	0854_overmyheadcablecar	0109205d-22b5-387b-88a0-d238dad77269
749	0855_overyou	18056776-d653-4e1f-8476-c842b01df7ca
750	0856_paperbackhead	5099d8b8-e695-4afa-a7d7-6f3f1504c254
751	0857_paralyzer	07d4f9d7-3011-32ef-ab3d-fd64063f97b3
752	0859_picturesofyou	02515122-388f-3f33-b20e-3f85a364ddd2
753	0860_pieceofme	27bfd748-f0f7-308e-aff9-b43986c21c94
754	0861_pingmebaby	b36893d1-e1dd-36f0-9af6-cd153b48897b
755	0865_pocketfulofsunshine	c76f8ea3-e855-3820-97a4-d02e3530ffd8
756	0866_pokerfacedave	018b399d-4bb7-36f4-9305-43b084dc2ec8
757	0867_pokerfacedos	018b399d-4bb7-36f4-9305-43b084dc2ec8
758	0868_puton	189af420-3951-34e1-94cb-491a9ea39c53
759	0869_raiseyourweapon	05716794-32b5-30bb-a66b-fbb687ef19c9
760	0870_ratedr	4e1e4a60-6400-30cc-a86a-7bf4b1199645
761	0872_readyfortheweekend	1d02e3c5-ff3a-3799-b6c6-f4828f39fbac
762	0873_readyornot	14eb8bf7-31d5-3b00-9ab6-8e0eaafcfce2
763	0874_realize	06f4dabf-abbc-36cc-80be-89f3877993c1
764	0875_redbelt	120ee3c6-a802-30d8-a0ed-8720cd664442
765	0876_rehab	08c27bf4-baf3-36ea-abd4-634aa2b30d9f
766	0877_releasemenow	2894348c-63bd-3052-8633-fcac64a4f5b5
767	0878_replay	01e1053d-1345-3265-838a-953509c309c1
768	0879_ridinsoloian	00adbc67-fce5-4b26-a399-4a76cabafccb
769	0880_righthere	64387a9f-f4ee-46dd-81e9-b7c5540f5e86
770	0882_rightroundbenny	0692c21e-0421-4662-a582-595c31bd809f
771	0883_rocksatmywindow	05e4e584-e075-4914-84b4-5e690f0708ae
772	0884_rockstar	01f0dcf6-04c9-3b4b-863e-de3d4a0c2040
773	0886_rudeboy	5722eab7-71cd-39db-a5d8-80344de80ea0
774	0888_russianroulettejump	425258d8-cdf3-324b-8ba7-f826a5b4b542
775	0889_samelove	21ec752f-b01d-4580-b378-490deea70fc7
776	0890_samemistakes	02faf91d-4799-3dc0-9f47-cceee6626442
777	0891_savetheworld	1b297f81-fc48-3f4e-b579-a227fdf54663
778	0892_saveyoutonight	42d6cd38-332a-3add-ab3c-8b2792a1e94f
779	0893_say	1f2b370d-bad5-340a-9bdf-b2cac7414130
780	0894_sayheyiloveyou	0c2bf8cb-4f5c-32fd-9029-e089d6d77bec
781	0895_scarymonsters	4c0da3f1-c32b-3288-8dda-2124dc8e9615
782	0897_sentimentaltune	0416e8a5-284e-376b-9520-98ca75d100f0
783	0898_sexyback	09b6d1f3-0932-390b-9698-69905a8c80f3
784	0899_sexycani	22376427-9fab-3161-92e4-1652bf6ec78c
785	0900_sexychickakon	13ffa917-1cca-33fd-9392-cf076ba7908c
786	0901_sexydj	9c2fce8b-5459-3326-8784-36fe96414864
787	0902_shakeitradiomix	00e8377e-4368-4895-8620-500661cb8cba
788	0904_shewolf	018d57b6-6834-3053-bf80-4c411da800bd
789	0905_shocktoyoursystem	2757075d-8a5d-3be1-be30-d1a40feb9213
790	0906_shutupanddrive	011bec51-7598-3a4b-87e9-99b710a56813
791	0907_skyscraper	3ece8747-119c-4941-b1cc-4bf1d7740592
792	0909_sofineed	14af81a5-b88e-34cc-a1b0-481799c5db38
793	0910_solo	06cdeacd-9f7b-33b8-a17b-dc6adb649e60
794	0911_someday	0c4d957b-e86b-30b6-abb0-ac903f17e7f4
795	0912_somenights	0db1ab0f-2161-30ee-815b-6aae1a560592
796	0913_somuchlove	099c4d02-b68b-4c10-a050-2513f3652bdd
797	0914_soobviousnow	0462560f-98dc-4b20-8e51-e25e20bfe0dd
798	0915_sosletthemusicplay	038947ce-d65c-47d3-be77-e3aa0aefc41b
799	0917_spacemanties	0143b4d0-c92c-3067-b6e9-50106017e764
800	0919_stereolove	19762c29-9e26-34ef-903a-4bb65b480982
801	0920_stopandstare	08a5df40-e2ae-3c4e-8bdf-bf086bc7afe1
802	0921_stronger	3aaf2a98-7199-3471-abb4-73a5373887c5
803	0922_suffocate	377a7cbc-41d9-3621-a88f-e72456bfbfa9
804	0923_sunandmoon	06819dfc-7d3b-3c18-9013-55ec71024884
805	0924_sunisup	0636af62-9ac8-38ee-a57f-8ff99a796aae
806	0925_sweetdisposition	02c42a0f-2c3c-3807-b1af-0f31b7c7a23d
807	0926_sweetthing	1627348a-9236-3509-b602-84b70bcd23a8
808	0927_swing	06d52ea6-cfb6-36fd-9ad0-6f266243cb72
809	0928_takeabow	2af7f08d-3ff8-49a7-962d-c65c75646297
810	0929_takeovercontrolext	2cc0bb77-99e2-3881-9d75-4236817ea55d
811	0931_takeyouthere	88844815-64cd-311c-8232-b3f894df9ab7
812	0932_tattoo	01400ec0-0114-3397-9e7f-8a92a9451acc
813	0933_teardropsonmyguitar	0195bc78-5f4f-41e7-9b58-687da1c687ad
814	0934_teenagedreamkaskade	4708396b-7274-3ba1-8313-8620f1e8b762
815	0936_tequieroacoustic	0a831c96-2ab8-33b0-8223-84091c1bc913
816	0937_thatsnotmyname	01a11264-6060-3886-a615-0dbf5c9072b8
817	0938_thebusiness	3e9194d3-e288-3453-8cdf-5ed9baf7eaac
818	0939_thecure	0d5e7670-52b7-31f1-8b03-c252a95ef538
819	0940_thehousethatbuiltme	169119a7-8ef5-381a-ab4f-602d96bde342
820	0941_theocean	0ea4eab2-8c25-3129-8848-71d49de59c09
821	0943_thetheayer	213e632b-38d9-34d8-a6b6-74c4a09dec77
822	0945_thewayiareradio	199d7f12-2914-33e3-84f0-762f7d696007
823	0946_thinkingofyou	0097357b-8fc4-317d-9547-30c2bb6979bb
824	0947_thiskiss	055823a0-9ee8-4841-9600-7da8cb4e93ff
825	0948_thislove	0011a987-9741-4e2f-880f-44c297fd06f3
826	0949_throwitinthebag	0bd934cf-7fbb-3eee-b7fd-26356c14d751
827	0950_throwyourhandsup	ec29a7a8-4ddd-4489-8c8d-8f4eac4a1e91
828	0951_thunder	18712e92-30be-3183-b70b-b326a1418b2d
829	0952_tiktok	041ce23e-e147-40fc-8445-c16c0981e79f
830	0953_tilltheworldends2	002fc983-08c6-44b9-bcf8-aab001685b5f
831	0954_timeaftertimevan	6b771518-7ba9-4d38-859f-b50072399438
832	0955_tinylittlebows	4b9d2bbc-cbb1-3aea-bf09-93a49dd9fff6
833	0956_tonightimgettingoveryou	0b0f33c8-2fd6-48cf-a8e5-31d1fc0a52f5
834	0958_turnmeup	0a406816-f8df-485f-adbb-193268f5ec25
835	0959_turnthisclubaround	166eb6c8-e490-4b31-ab32-dc5e777c538e
836	0960_umbrella	08b2bb81-aef1-3176-87e4-ca240e2a05ad
837	0961_unfaithfulfemme	fddb1177-1d44-47fc-8b99-09752906ddab
838	0962_usagainsttheworldjason	3c753ac1-eb1f-3bc3-9b9f-7f8fb3f557fb
839	0964_wakingupinvegas	5b98e690-1827-3d8f-9fd9-d12f37b5aacb
840	0965_wakingupinvegascalvin	0abe3f4d-fa11-3b86-9315-891ae75fba06
841	0966_wakingupinvegascalvinh	0abe3f4d-fa11-3b86-9315-891ae75fba06
842	0968_walltowall	033a93f0-3cfe-3a5c-b85a-a50c4cad2763
843	0969_webelongtogether	00a41366-b758-3764-9464-caa252e6e99f
844	0970_whataboutnow	003279d2-8e2d-3cb0-ba05-32fd646d1248
845	0971_whatayawantfromme	033a3a27-faf8-3f36-9475-161dc95ec8cd
846	0972_whatchasay	56207e12-d6ee-4fb1-b237-5f2577f84cf8
847	0973_whateverittakes	7f715d22-ff76-3575-aa26-5ca4bd4dc846
848	0974_whateveryoulike	2978b715-1e78-42b6-a69c-4e770e351153
849	0975_whathappensinvegas	1c3237c3-64d9-4051-852b-6c3dd5c3bf85
850	0977_wheelsnow	03d5fff0-6ac4-3050-ad5a-db03ad156ee5
851	0978_whenigrowup	3f7d896d-a392-4b8e-803a-53e317fb929b
852	0979_whenlovetakesover	0da29381-d446-3620-aea4-74028eff56a2
853	0980_whenyouleave	fc3675a8-a27b-3d6f-b3d3-cf970913e490
854	0981_whenyouregone	001e1de2-90f6-3ed1-8f0b-7e01fe027a68
855	0983_whyamitheone	3e900da8-b8aa-4ae6-9aae-dcfdd63fab52
856	0986_winner	317405bd-c0b2-3149-9154-f8164a728b0f
857	0987_withyou	970d67e9-7a2d-40e4-9e75-5694cdab4e71
858	0988_withyoukovas	e51eaaf8-7551-4313-84c2-99ab6fff179a
859	0989_womanizer	021773bf-3b8d-4672-85fa-a739d6f33b94
860	0991_worryaboutyounow	3d7c846e-f07d-352d-a13d-8de9ea4d6045
861	0993_youandidanny	fb8fc801-24f8-3700-9e87-56fbcad5abb5
862	0995_youfoundme	03c78b47-b21d-31e2-ad6e-be048e1af7c7
863	0998_youregonnamissthis	431c8052-d300-39db-abb4-c76c8f9b5425
864	0999_yourheartisamuscle	2bb48188-6aa9-3a72-9d60-419b69d5ff96
865	1000_yourloveismydrug	094aa6d9-694b-41f7-ae66-19b7d29e072a
866	1001_yourloveismydrugdave	10baedea-a864-303b-8392-cd8920e50057
